{
    "rmse": 0.743329873029468,
    "mae": 0.5992382074618948,
    "r2": 0.15449985304425207
}